Workbook

Sheet ตั้งค่า
A1: ต้นทุนและราคาขาย: สินค้าหนังไม่ต้องเย็บ
A2: ตัวอักษรสีน้ำเงิน = ค่าที่กรอกเอง · พื้นสีเหลือง = ค่าประมาณ ควรวัดหรือชั่งจริงแล้วแก้ · ช่องอื่นเป็นสูตร ไม่ต้องแก้
A4: หนังที่ซื้อมา
A5: ล็อต | B5: ขนาดเศษ | C5: ราคา (บาท/กก.) | D5: ซื้อมา (กก.) | E5: จ่ายไป (บาท) | F5: กว้างทั่วไป (ซม.) | G5: ยาวทั่วไป (ซม.) | H5: ความหนา (มม.) | I5: ความหนาแน่น (ก./ลบ.ซม.) | J5: น้ำหนักต่อแผ่น ประมาณ (ก.) | K5: น้ำหนักต่อแผ่น ชั่งจริง (ก.) | L5: น้ำหนักต่อแผ่นที่ใช้ (ก.) | M5: แผ่นต่อ กก.
A6: ใหญ่ | B6: บางใหญ่ เกินฝ่ามือ 14–18 × 20 ซม. ขึ้นไป | C6: 95 | D6: 20 | E6: =C6*D6 | F6: 16 | G6: 22 | H6: 1 | I6: 0.9 | J6: =F6*G6*H6/10*I6 | L6: =IF(K6="",J6,K6) | M6: =IF(L6=0,0,1000/L6)
A7: เล็ก | B7: บางเล็ก เท่าฝ่ามือ 10–12 × 16–20 ซม. | C7: 15 | D7: 5 | E7: =C7*D7 | F7: 11 | G7: 18 | H7: 1 | I7: 0.9 | J7: =F7*G7*H7/10*I7 | L7: =IF(K7="",J7,K7) | M7: =IF(L7=0,0,1000/L7)
A8: รวม | D8: =SUM(D6:D7) | E8: =SUM(E6:E7)
B9: ที่มา: ราคาและน้ำหนักที่ซื้อ ผู้ใช้แจ้ง 14 ต.ค. 2026 · ขนาดทั่วไปใช้ค่ากลางของช่วงที่แจ้ง · ความหนาและความหนาแน่นเป็นค่าประมาณ ชั่งเศษจริง 10 แผ่นแล้วกรอกน้ำหนักเฉลี่ยในคอลัมน์ K
A10: ค่าแรงและค่าใช้จ่ายอื่น
A11: รายการ | B11: ค่า | C11: หน่วย | D11: หมายเหตุ
A12: ค่าแรง | B12: 50 | C12: บาท/ชม. | D12: ตัวอย่าง: 400 บาท/วัน ÷ 8 ชม. แก้เป็นค่าแรงจริง
A13: เวลาตัด 1 ครั้ง | B13: 10 | C13: วินาที | D13: จับเวลาตอนตัดจริงแล้วแก้
A14: เวลาประกอบ 1 รอยต่อ | B14: 20 | C14: วินาที | D14: รวมการร้อยสายหรือสอดปีก 1 จุด
A15: เวลาเก็บงานและแพ็ค ต่อสินค้า | B15: 60 | C15: วินาที | D15: ตรวจงาน ใส่ถุงหรือกล่อง ติดป้าย
A16: ระยะห่างระหว่าง die | B16: 3 | C16: มม. | D16: ระยะที่ต้องเว้นรอบชิ้นงานเวลาวาง die บนเศษหนัง
A17: เผื่อเสีย (ตำหนิ ตัดพลาด เศษที่รูปทรงไม่ดี) | B17: 0.2 | C17: % | D17: ลดจำนวนชิ้นที่ตัดได้ลงตามนี้
A18: ราคา die ต่ออัน | B18: 1500 | C18: บาท | D18: ตัวอย่าง แก้เป็นราคาที่ช่างเสนอ ถ้ายังตัดด้วยเลเซอร์ใส่ 0
A19: จำนวนชิ้นที่จะตัดต่อ die | B19: 1000 | C19: ชิ้น | D19: ใช้เฉลี่ยค่า die ลงในแต่ละชิ้น
A20: ค่าธรรมเนียมช่องทางขาย | B20: 0 | C20: % | D20: เช่น ค่าธรรมเนียมแพลตฟอร์มออนไลน์ ขายเองใส่ 0
A21: ตัวคูณราคาแนะนำ | B21: 3 | C21: เท่าของต้นทุน | D21: ราคาแนะนำ = ต้นทุนรวม × ตัวคูณ แล้วปัดขึ้น
A22: ปัดราคาแนะนำขึ้นทีละ | B22: 10 | C22: บาท
A25: วิธีใช้
A26: 1. ชั่งเศษหนังล็อตละ 10 แผ่น แล้วกรอกน้ำหนักเฉลี่ยในช่อง 'น้ำหนักต่อแผ่น ชั่งจริง'
A27: 2. ลองตัดจริงแล้วกรอกจำนวนชิ้นต่อแผ่นในแท็บ 'ต้นทุนชิ้นงาน' ถ้าต่างจากที่คำนวณ
A28: 3. แก้ค่าแรง เวลา ราคา die และค่าบรรจุภัณฑ์ให้เป็นค่าจริง
A29: 4. ใส่ราคาขายจริงในแท็บ 'ราคาขายสินค้า' แล้วดูกำไรต่อชิ้น

Sheet ต้นทุนชิ้นงาน
A1: ต้นทุนต่อชิ้นงาน 1 ชิ้น (ตัดจาก die 1 ครั้ง)
A2: เลือกล็อตเศษหนังในคอลัมน์ F ได้ ถ้าลองตัดจริงแล้วได้จำนวนชิ้นต่อแผ่นไม่ตรง ให้กรอกในคอลัมน์ H
A4: แบบ | B4: ชื่อ | C4: die กว้าง (มม.) | D4: die ยาว (มม.) | E4: หนังสุทธิ (ตร.ซม.) | F4: ใช้เศษล็อต | G4: ชิ้นต่อแผ่น (คำนวณ) | H4: ชิ้นต่อแผ่น (ลองตัดจริง) | I4: ชิ้นต่อแผ่นที่ใช้ | J4: ชิ้นต่อ กก. | K4: ค่าหนังต่อชิ้น (บาท) | L4: ค่าตัดต่อชิ้น (บาท) | M4: ค่า die ต่อชิ้น (บาท) | N4: ต้นทุนต่อชิ้น (บาท) | O4: ตัดได้จากล็อตที่ซื้อ (ชิ้น) | P4: หมายเหตุ
A5: 01 | B5: Bear head | C5: 104.36 | D5: 104.36 | E5: 63.7 | F5: ใหญ่ | G5: =MAX(INT(INDEX(ตั้งค่า!$F$6:$F$7,MATCH($F5,ตั้งค่า!$A$6:$A$7,0))*10/(C5+ตั้งค่า!$B$16))*INT(INDEX(ตั้งค่า!$G$6:$G$7,MATCH($F5,ตั้งค่า!$A$6:$A$7,0))*10/(D5+ตั้งค่า!$B$16)),INT(INDEX(ตั้งค่า!$F$6:$F$7,MATCH($F5,ตั้งค่า!$A$6:$A$7,0))*10/(D5+ตั้งค่า!$B$16))*INT(INDEX(ตั้งค่า!$G$6:$G$7,MATCH($F5,ตั้งค่า!$A$6:$A$7,0))*10/(C5+ตั้งค่า!$B$16))) | I5: =IF(H5="",G5,H5) | J5: =I5*INDEX(ตั้งค่า!$M$6:$M$7,MATCH($F5,ตั้งค่า!$A$6:$A$7,0))*(1-ตั้งค่า!$B$17) | K5: =IF(J5=0,0,INDEX(ตั้งค่า!$C$6:$C$7,MATCH($F5,ตั้งค่า!$A$6:$A$7,0))/J5) | L5: =ตั้งค่า!$B$13/3600*ตั้งค่า!$B$12 | M5: =IF(ตั้งค่า!$B$19=0,0,ตั้งค่า!$B$18/ตั้งค่า!$B$19) | N5: =K5+L5+M5 | O5: =INT(J5*INDEX(ตั้งค่า!$D$6:$D$7,MATCH($F5,ตั้งค่า!$A$6:$A$7,0))) | P5: =IF(I5=0,"เศษล็อตนี้สั้นหรือแคบเกินไป ตัดชิ้นนี้ไม่ได้","")
A6: 01-S 200 | B6: สายหัวใจ 200 mm | C6: 200 | D6: 22 | E6: 26 | F6: ใหญ่ | G6: =MAX(INT(INDEX(ตั้งค่า!$F$6:$F$7,MATCH($F6,ตั้งค่า!$A$6:$A$7,0))*10/(C6+ตั้งค่า!$B$16))*INT(INDEX(ตั้งค่า!$G$6:$G$7,MATCH($F6,ตั้งค่า!$A$6:$A$7,0))*10/(D6+ตั้งค่า!$B$16)),INT(INDEX(ตั้งค่า!$F$6:$F$7,MATCH($F6,ตั้งค่า!$A$6:$A$7,0))*10/(D6+ตั้งค่า!$B$16))*INT(INDEX(ตั้งค่า!$G$6:$G$7,MATCH($F6,ตั้งค่า!$A$6:$A$7,0))*10/(C6+ตั้งค่า!$B$16))) | I6: =IF(H6="",G6,H6) | J6: =I6*INDEX(ตั้งค่า!$M$6:$M$7,MATCH($F6,ตั้งค่า!$A$6:$A$7,0))*(1-ตั้งค่า!$B$17) | K6: =IF(J6=0,0,INDEX(ตั้งค่า!$C$6:$C$7,MATCH($F6,ตั้งค่า!$A$6:$A$7,0))/J6) | L6: =ตั้งค่า!$B$13/3600*ตั้งค่า!$B$12 | M6: =IF(ตั้งค่า!$B$19=0,0,ตั้งค่า!$B$18/ตั้งค่า!$B$19) | N6: =K6+L6+M6 | O6: =INT(J6*INDEX(ตั้งค่า!$D$6:$D$7,MATCH($F6,ตั้งค่า!$A$6:$A$7,0))) | P6: =IF(I6=0,"เศษล็อตนี้สั้นหรือแคบเกินไป ตัดชิ้นนี้ไม่ได้","")
A7: 01-S 250 | B7: สายหัวใจ 250 mm | C7: 250 | D7: 22 | E7: 32.5 | F7: ใหญ่ | G7: =MAX(INT(INDEX(ตั้งค่า!$F$6:$F$7,MATCH($F7,ตั้งค่า!$A$6:$A$7,0))*10/(C7+ตั้งค่า!$B$16))*INT(INDEX(ตั้งค่า!$G$6:$G$7,MATCH($F7,ตั้งค่า!$A$6:$A$7,0))*10/(D7+ตั้งค่า!$B$16)),INT(INDEX(ตั้งค่า!$F$6:$F$7,MATCH($F7,ตั้งค่า!$A$6:$A$7,0))*10/(D7+ตั้งค่า!$B$16))*INT(INDEX(ตั้งค่า!$G$6:$G$7,MATCH($F7,ตั้งค่า!$A$6:$A$7,0))*10/(C7+ตั้งค่า!$B$16))) | I7: =IF(H7="",G7,H7) | J7: =I7*INDEX(ตั้งค่า!$M$6:$M$7,MATCH($F7,ตั้งค่า!$A$6:$A$7,0))*(1-ตั้งค่า!$B$17) | K7: =IF(J7=0,0,INDEX(ตั้งค่า!$C$6:$C$7,MATCH($F7,ตั้งค่า!$A$6:$A$7,0))/J7) | L7: =ตั้งค่า!$B$13/3600*ตั้งค่า!$B$12 | M7: =IF(ตั้งค่า!$B$19=0,0,ตั้งค่า!$B$18/ตั้งค่า!$B$19) | N7: =K7+L7+M7 | O7: =INT(J7*INDEX(ตั้งค่า!$D$6:$D$7,MATCH($F7,ตั้งค่า!$A$6:$A$7,0))) | P7: =IF(I7=0,"เศษล็อตนี้สั้นหรือแคบเกินไป ตัดชิ้นนี้ไม่ได้","")
A8: 02 | B8: Pinwheel | C8: 90 | D8: 90 | E8: 57.3 | F8: เล็ก | G8: =MAX(INT(INDEX(ตั้งค่า!$F$6:$F$7,MATCH($F8,ตั้งค่า!$A$6:$A$7,0))*10/(C8+ตั้งค่า!$B$16))*INT(INDEX(ตั้งค่า!$G$6:$G$7,MATCH($F8,ตั้งค่า!$A$6:$A$7,0))*10/(D8+ตั้งค่า!$B$16)),INT(INDEX(ตั้งค่า!$F$6:$F$7,MATCH($F8,ตั้งค่า!$A$6:$A$7,0))*10/(D8+ตั้งค่า!$B$16))*INT(INDEX(ตั้งค่า!$G$6:$G$7,MATCH($F8,ตั้งค่า!$A$6:$A$7,0))*10/(C8+ตั้งค่า!$B$16))) | I8: =IF(H8="",G8,H8) | J8: =I8*INDEX(ตั้งค่า!$M$6:$M$7,MATCH($F8,ตั้งค่า!$A$6:$A$7,0))*(1-ตั้งค่า!$B$17) | K8: =IF(J8=0,0,INDEX(ตั้งค่า!$C$6:$C$7,MATCH($F8,ตั้งค่า!$A$6:$A$7,0))/J8) | L8: =ตั้งค่า!$B$13/3600*ตั้งค่า!$B$12 | M8: =IF(ตั้งค่า!$B$19=0,0,ตั้งค่า!$B$18/ตั้งค่า!$B$19) | N8: =K8+L8+M8 | O8: =INT(J8*INDEX(ตั้งค่า!$D$6:$D$7,MATCH($F8,ตั้งค่า!$A$6:$A$7,0))) | P8: =IF(I8=0,"เศษล็อตนี้สั้นหรือแคบเกินไป ตัดชิ้นนี้ไม่ได้","")
A9: 03 | B9: Capsule cross | C9: 90 | D9: 90 | E9: 52.1 | F9: เล็ก | G9: =MAX(INT(INDEX(ตั้งค่า!$F$6:$F$7,MATCH($F9,ตั้งค่า!$A$6:$A$7,0))*10/(C9+ตั้งค่า!$B$16))*INT(INDEX(ตั้งค่า!$G$6:$G$7,MATCH($F9,ตั้งค่า!$A$6:$A$7,0))*10/(D9+ตั้งค่า!$B$16)),INT(INDEX(ตั้งค่า!$F$6:$F$7,MATCH($F9,ตั้งค่า!$A$6:$A$7,0))*10/(D9+ตั้งค่า!$B$16))*INT(INDEX(ตั้งค่า!$G$6:$G$7,MATCH($F9,ตั้งค่า!$A$6:$A$7,0))*10/(C9+ตั้งค่า!$B$16))) | I9: =IF(H9="",G9,H9) | J9: =I9*INDEX(ตั้งค่า!$M$6:$M$7,MATCH($F9,ตั้งค่า!$A$6:$A$7,0))*(1-ตั้งค่า!$B$17) | K9: =IF(J9=0,0,INDEX(ตั้งค่า!$C$6:$C$7,MATCH($F9,ตั้งค่า!$A$6:$A$7,0))/J9) | L9: =ตั้งค่า!$B$13/3600*ตั้งค่า!$B$12 | M9: =IF(ตั้งค่า!$B$19=0,0,ตั้งค่า!$B$18/ตั้งค่า!$B$19) | N9: =K9+L9+M9 | O9: =INT(J9*INDEX(ตั้งค่า!$D$6:$D$7,MATCH($F9,ตั้งค่า!$A$6:$A$7,0))) | P9: =IF(I9=0,"เศษล็อตนี้สั้นหรือแคบเกินไป ตัดชิ้นนี้ไม่ได้","")
A10: 04 | B10: Rounded square | C10: 90 | D10: 90 | E10: 80.8 | F10: เล็ก | G10: =MAX(INT(INDEX(ตั้งค่า!$F$6:$F$7,MATCH($F10,ตั้งค่า!$A$6:$A$7,0))*10/(C10+ตั้งค่า!$B$16))*INT(INDEX(ตั้งค่า!$G$6:$G$7,MATCH($F10,ตั้งค่า!$A$6:$A$7,0))*10/(D10+ตั้งค่า!$B$16)),INT(INDEX(ตั้งค่า!$F$6:$F$7,MATCH($F10,ตั้งค่า!$A$6:$A$7,0))*10/(D10+ตั้งค่า!$B$16))*INT(INDEX(ตั้งค่า!$G$6:$G$7,MATCH($F10,ตั้งค่า!$A$6:$A$7,0))*10/(C10+ตั้งค่า!$B$16))) | I10: =IF(H10="",G10,H10) | J10: =I10*INDEX(ตั้งค่า!$M$6:$M$7,MATCH($F10,ตั้งค่า!$A$6:$A$7,0))*(1-ตั้งค่า!$B$17) | K10: =IF(J10=0,0,INDEX(ตั้งค่า!$C$6:$C$7,MATCH($F10,ตั้งค่า!$A$6:$A$7,0))/J10) | L10: =ตั้งค่า!$B$13/3600*ตั้งค่า!$B$12 | M10: =IF(ตั้งค่า!$B$19=0,0,ตั้งค่า!$B$18/ตั้งค่า!$B$19) | N10: =K10+L10+M10 | O10: =INT(J10*INDEX(ตั้งค่า!$D$6:$D$7,MATCH($F10,ตั้งค่า!$A$6:$A$7,0))) | P10: =IF(I10=0,"เศษล็อตนี้สั้นหรือแคบเกินไป ตัดชิ้นนี้ไม่ได้","")
A11: 05 | B11: Circle | C11: 90 | D11: 90 | E11: 63.6 | F11: เล็ก | G11: =MAX(INT(INDEX(ตั้งค่า!$F$6:$F$7,MATCH($F11,ตั้งค่า!$A$6:$A$7,0))*10/(C11+ตั้งค่า!$B$16))*INT(INDEX(ตั้งค่า!$G$6:$G$7,MATCH($F11,ตั้งค่า!$A$6:$A$7,0))*10/(D11+ตั้งค่า!$B$16)),INT(INDEX(ตั้งค่า!$F$6:$F$7,MATCH($F11,ตั้งค่า!$A$6:$A$7,0))*10/(D11+ตั้งค่า!$B$16))*INT(INDEX(ตั้งค่า!$G$6:$G$7,MATCH($F11,ตั้งค่า!$A$6:$A$7,0))*10/(C11+ตั้งค่า!$B$16))) | I11: =IF(H11="",G11,H11) | J11: =I11*INDEX(ตั้งค่า!$M$6:$M$7,MATCH($F11,ตั้งค่า!$A$6:$A$7,0))*(1-ตั้งค่า!$B$17) | K11: =IF(J11=0,0,INDEX(ตั้งค่า!$C$6:$C$7,MATCH($F11,ตั้งค่า!$A$6:$A$7,0))/J11) | L11: =ตั้งค่า!$B$13/3600*ตั้งค่า!$B$12 | M11: =IF(ตั้งค่า!$B$19=0,0,ตั้งค่า!$B$18/ตั้งค่า!$B$19) | N11: =K11+L11+M11 | O11: =INT(J11*INDEX(ตั้งค่า!$D$6:$D$7,MATCH($F11,ตั้งค่า!$A$6:$A$7,0))) | P11: =IF(I11=0,"เศษล็อตนี้สั้นหรือแคบเกินไป ตัดชิ้นนี้ไม่ได้","")
A12: 06 | B12: Soft cross | C12: 90 | D12: 90 | E12: 48.1 | F12: เล็ก | G12: =MAX(INT(INDEX(ตั้งค่า!$F$6:$F$7,MATCH($F12,ตั้งค่า!$A$6:$A$7,0))*10/(C12+ตั้งค่า!$B$16))*INT(INDEX(ตั้งค่า!$G$6:$G$7,MATCH($F12,ตั้งค่า!$A$6:$A$7,0))*10/(D12+ตั้งค่า!$B$16)),INT(INDEX(ตั้งค่า!$F$6:$F$7,MATCH($F12,ตั้งค่า!$A$6:$A$7,0))*10/(D12+ตั้งค่า!$B$16))*INT(INDEX(ตั้งค่า!$G$6:$G$7,MATCH($F12,ตั้งค่า!$A$6:$A$7,0))*10/(C12+ตั้งค่า!$B$16))) | I12: =IF(H12="",G12,H12) | J12: =I12*INDEX(ตั้งค่า!$M$6:$M$7,MATCH($F12,ตั้งค่า!$A$6:$A$7,0))*(1-ตั้งค่า!$B$17) | K12: =IF(J12=0,0,INDEX(ตั้งค่า!$C$6:$C$7,MATCH($F12,ตั้งค่า!$A$6:$A$7,0))/J12) | L12: =ตั้งค่า!$B$13/3600*ตั้งค่า!$B$12 | M12: =IF(ตั้งค่า!$B$19=0,0,ตั้งค่า!$B$18/ตั้งค่า!$B$19) | N12: =K12+L12+M12 | O12: =INT(J12*INDEX(ตั้งค่า!$D$6:$D$7,MATCH($F12,ตั้งค่า!$A$6:$A$7,0))) | P12: =IF(I12=0,"เศษล็อตนี้สั้นหรือแคบเกินไป ตัดชิ้นนี้ไม่ได้","")
A14: ที่มา: ขนาด die และพื้นที่หนังสุทธิคำนวณจากไฟล์ DXF ชุด rev 20261014 · ชิ้นต่อแผ่นคำนวณจากขนาดเศษทั่วไปในแท็บ 'ตั้งค่า' บวกระยะห่าง die

Sheet ราคาขายสินค้า
A1: ราคาขายและกำไรต่อสินค้า
A2: ใส่ราคาขายจริงในคอลัมน์ T ถ้าเว้นว่าง จะใช้ราคาแนะนำ · แถว 3 ดึงต้นทุนต่อชิ้นมาจากแท็บ 'ต้นทุนชิ้นงาน'
B3: ต้นทุนต่อชิ้น (บาท) | C3: ='ต้นทุนชิ้นงาน'!N5 | D3: ='ต้นทุนชิ้นงาน'!N6 | E3: ='ต้นทุนชิ้นงาน'!N7 | F3: ='ต้นทุนชิ้นงาน'!N8 | G3: ='ต้นทุนชิ้นงาน'!N9 | H3: ='ต้นทุนชิ้นงาน'!N10 | I3: ='ต้นทุนชิ้นงาน'!N11 | J3: ='ต้นทุนชิ้นงาน'!N12
A4: # | B4: สินค้า | C4: ใช้แบบ 01 (ชิ้น) | D4: ใช้แบบ 01-S 200 (ชิ้น) | E4: ใช้แบบ 01-S 250 (ชิ้น) | F4: ใช้แบบ 02 (ชิ้น) | G4: ใช้แบบ 03 (ชิ้น) | H4: ใช้แบบ 04 (ชิ้น) | I4: ใช้แบบ 05 (ชิ้น) | J4: ใช้แบบ 06 (ชิ้น) | K4: ค่าชิ้นงาน (บาท) | L4: ครั้งที่ตัด | M4: รอยต่อ | N4: ค่าประกอบ (บาท) | O4: ค่าเก็บงานและแพ็ค (บาท) | P4: ชิ้นเสริม (บาท) | Q4: บรรจุภัณฑ์ (บาท) | R4: ต้นทุนรวม (บาท) | S4: ราคาแนะนำ (บาท) | T4: ราคาขาย (กรอก) | U4: ราคาที่ใช้ (บาท) | V4: ค่าธรรมเนียม (บาท) | W4: กำไรต่อชิ้น (บาท) | X4: กำไร % | Y4: หมายเหตุ
A5: 1 | B5: ที่เก็บสายชาร์จหมี | C5: 1 | K5: =SUMPRODUCT($C$3:$J$3,C5:J5) | L5: =SUM(C5:J5) | M5: 0 | N5: =M5*ตั้งค่า!$B$14/3600*ตั้งค่า!$B$12 | O5: =ตั้งค่า!$B$15/3600*ตั้งค่า!$B$12 | P5: 0 | Q5: 5 | R5: =K5+N5+O5+P5+Q5 | S5: =CEILING(R5*ตั้งค่า!$B$21,ตั้งค่า!$B$22) | U5: =IF(T5="",S5,T5) | V5: =U5*ตั้งค่า!$B$20 | W5: =U5-R5-V5 | X5: =IF(U5=0,0,W5/U5) | Y5: =IF(AND(E5>0,'ต้นทุนชิ้นงาน'!I7=0),"สาย 250 mm ตัดจากเศษขนาดนี้ไม่ได้ ต้องใช้เศษยาว 25.5 ซม. ขึ้นไป","")
A6: 2 | B6: ที่คั่นหนังสือเหน็บมุมหน้า | C6: 1 | K6: =SUMPRODUCT($C$3:$J$3,C6:J6) | L6: =SUM(C6:J6) | M6: 0 | N6: =M6*ตั้งค่า!$B$14/3600*ตั้งค่า!$B$12 | O6: =ตั้งค่า!$B$15/3600*ตั้งค่า!$B$12 | P6: 0 | Q6: 5 | R6: =K6+N6+O6+P6+Q6 | S6: =CEILING(R6*ตั้งค่า!$B$21,ตั้งค่า!$B$22) | U6: =IF(T6="",S6,T6) | V6: =U6*ตั้งค่า!$B$20 | W6: =U6-R6-V6 | X6: =IF(U6=0,0,W6/U6) | Y6: =IF(AND(E6>0,'ต้นทุนชิ้นงาน'!I7=0),"สาย 250 mm ตัดจากเศษขนาดนี้ไม่ได้ ต้องใช้เศษยาว 25.5 ซม. ขึ้นไป","")
A7: 3 | B7: ป้ายชื่อติดกระเป๋านักเรียน | C7: 1 | E7: 1 | K7: =SUMPRODUCT($C$3:$J$3,C7:J7) | L7: =SUM(C7:J7) | M7: 2 | N7: =M7*ตั้งค่า!$B$14/3600*ตั้งค่า!$B$12 | O7: =ตั้งค่า!$B$15/3600*ตั้งค่า!$B$12 | P7: 0 | Q7: 5 | R7: =K7+N7+O7+P7+Q7 | S7: =CEILING(R7*ตั้งค่า!$B$21,ตั้งค่า!$B$22) | U7: =IF(T7="",S7,T7) | V7: =U7*ตั้งค่า!$B$20 | W7: =U7-R7-V7 | X7: =IF(U7=0,0,W7/U7) | Y7: =IF(AND(E7>0,'ต้นทุนชิ้นงาน'!I7=0),"สาย 250 mm ตัดจากเศษขนาดนี้ไม่ได้ ต้องใช้เศษยาว 25.5 ซม. ขึ้นไป","")
A8: 4 | B8: ห่วงผ้าเช็ดปากหมี | C8: 1 | D8: 1 | K8: =SUMPRODUCT($C$3:$J$3,C8:J8) | L8: =SUM(C8:J8) | M8: 2 | N8: =M8*ตั้งค่า!$B$14/3600*ตั้งค่า!$B$12 | O8: =ตั้งค่า!$B$15/3600*ตั้งค่า!$B$12 | P8: 0 | Q8: 5 | R8: =K8+N8+O8+P8+Q8 | S8: =CEILING(R8*ตั้งค่า!$B$21,ตั้งค่า!$B$22) | U8: =IF(T8="",S8,T8) | V8: =U8*ตั้งค่า!$B$20 | W8: =U8-R8-V8 | X8: =IF(U8=0,0,W8/U8) | Y8: =IF(AND(E8>0,'ต้นทุนชิ้นงาน'!I7=0),"สาย 250 mm ตัดจากเศษขนาดนี้ไม่ได้ ต้องใช้เศษยาว 25.5 ซม. ขึ้นไป","")
A9: 5 | B9: ซองอั่งเปาพับกังหัน | F9: 1 | K9: =SUMPRODUCT($C$3:$J$3,C9:J9) | L9: =SUM(C9:J9) | M9: 4 | N9: =M9*ตั้งค่า!$B$14/3600*ตั้งค่า!$B$12 | O9: =ตั้งค่า!$B$15/3600*ตั้งค่า!$B$12 | P9: 0 | Q9: 5 | R9: =K9+N9+O9+P9+Q9 | S9: =CEILING(R9*ตั้งค่า!$B$21,ตั้งค่า!$B$22) | U9: =IF(T9="",S9,T9) | V9: =U9*ตั้งค่า!$B$20 | W9: =U9-R9-V9 | X9: =IF(U9=0,0,W9/U9) | Y9: =IF(AND(E9>0,'ต้นทุนชิ้นงาน'!I7=0),"สาย 250 mm ตัดจากเศษขนาดนี้ไม่ได้ ต้องใช้เศษยาว 25.5 ซม. ขึ้นไป","")
A10: 6 | B10: ซองใส่เครื่องประดับ | F10: 1 | K10: =SUMPRODUCT($C$3:$J$3,C10:J10) | L10: =SUM(C10:J10) | M10: 4 | N10: =M10*ตั้งค่า!$B$14/3600*ตั้งค่า!$B$12 | O10: =ตั้งค่า!$B$15/3600*ตั้งค่า!$B$12 | P10: 0 | Q10: 5 | R10: =K10+N10+O10+P10+Q10 | S10: =CEILING(R10*ตั้งค่า!$B$21,ตั้งค่า!$B$22) | U10: =IF(T10="",S10,T10) | V10: =U10*ตั้งค่า!$B$20 | W10: =U10-R10-V10 | X10: =IF(U10=0,0,W10/U10) | Y10: =IF(AND(E10>0,'ต้นทุนชิ้นงาน'!I7=0),"สาย 250 mm ตัดจากเศษขนาดนี้ไม่ได้ ต้องใช้เศษยาว 25.5 ซม. ขึ้นไป","")
A11: 7 | B11: ซองการ์ดข้อความติดของขวัญ | F11: 1 | K11: =SUMPRODUCT($C$3:$J$3,C11:J11) | L11: =SUM(C11:J11) | M11: 4 | N11: =M11*ตั้งค่า!$B$14/3600*ตั้งค่า!$B$12 | O11: =ตั้งค่า!$B$15/3600*ตั้งค่า!$B$12 | P11: 0 | Q11: 5 | R11: =K11+N11+O11+P11+Q11 | S11: =CEILING(R11*ตั้งค่า!$B$21,ตั้งค่า!$B$22) | U11: =IF(T11="",S11,T11) | V11: =U11*ตั้งค่า!$B$20 | W11: =U11-R11-V11 | X11: =IF(U11=0,0,W11/U11) | Y11: =IF(AND(E11>0,'ต้นทุนชิ้นงาน'!I7=0),"สาย 250 mm ตัดจากเศษขนาดนี้ไม่ได้ ต้องใช้เศษยาว 25.5 ซม. ขึ้นไป","")
A12: 8 | B12: กล่องแหวนขอแต่งงาน | G12: 6 | K12: =SUMPRODUCT($C$3:$J$3,C12:J12) | L12: =SUM(C12:J12) | M12: 12 | N12: =M12*ตั้งค่า!$B$14/3600*ตั้งค่า!$B$12 | O12: =ตั้งค่า!$B$15/3600*ตั้งค่า!$B$12 | P12: 0 | Q12: 5 | R12: =K12+N12+O12+P12+Q12 | S12: =CEILING(R12*ตั้งค่า!$B$21,ตั้งค่า!$B$22) | U12: =IF(T12="",S12,T12) | V12: =U12*ตั้งค่า!$B$20 | W12: =U12-R12-V12 | X12: =IF(U12=0,0,W12/U12) | Y12: =IF(AND(E12>0,'ต้นทุนชิ้นงาน'!I7=0),"สาย 250 mm ตัดจากเศษขนาดนี้ไม่ได้ ต้องใช้เศษยาว 25.5 ซม. ขึ้นไป","")
A13: 9 | B13: ลูกเต๋าหนัง | G13: 6 | K13: =SUMPRODUCT($C$3:$J$3,C13:J13) | L13: =SUM(C13:J13) | M13: 12 | N13: =M13*ตั้งค่า!$B$14/3600*ตั้งค่า!$B$12 | O13: =ตั้งค่า!$B$15/3600*ตั้งค่า!$B$12 | P13: 0 | Q13: 5 | R13: =K13+N13+O13+P13+Q13 | S13: =CEILING(R13*ตั้งค่า!$B$21,ตั้งค่า!$B$22) | U13: =IF(T13="",S13,T13) | V13: =U13*ตั้งค่า!$B$20 | W13: =U13-R13-V13 | X13: =IF(U13=0,0,W13/U13) | Y13: =IF(AND(E13>0,'ต้นทุนชิ้นงาน'!I7=0),"สาย 250 mm ตัดจากเศษขนาดนี้ไม่ได้ ต้องใช้เศษยาว 25.5 ซม. ขึ้นไป","")
A14: 10 | B14: ซองใส่ AirTag | G14: 2 | K14: =SUMPRODUCT($C$3:$J$3,C14:J14) | L14: =SUM(C14:J14) | M14: 4 | N14: =M14*ตั้งค่า!$B$14/3600*ตั้งค่า!$B$12 | O14: =ตั้งค่า!$B$15/3600*ตั้งค่า!$B$12 | P14: 0 | Q14: 5 | R14: =K14+N14+O14+P14+Q14 | S14: =CEILING(R14*ตั้งค่า!$B$21,ตั้งค่า!$B$22) | U14: =IF(T14="",S14,T14) | V14: =U14*ตั้งค่า!$B$20 | W14: =U14-R14-V14 | X14: =IF(U14=0,0,W14/U14) | Y14: =IF(AND(E14>0,'ต้นทุนชิ้นงาน'!I7=0),"สาย 250 mm ตัดจากเศษขนาดนี้ไม่ได้ ต้องใช้เศษยาว 25.5 ซม. ขึ้นไป","")
A15: 11 | B15: ชุดตัวต่อหนังสำหรับเด็ก (24 ชิ้น) | G15: 24 | K15: =SUMPRODUCT($C$3:$J$3,C15:J15) | L15: =SUM(C15:J15) | M15: 0 | N15: =M15*ตั้งค่า!$B$14/3600*ตั้งค่า!$B$12 | O15: =ตั้งค่า!$B$15/3600*ตั้งค่า!$B$12 | P15: 10 | Q15: 5 | R15: =K15+N15+O15+P15+Q15 | S15: =CEILING(R15*ตั้งค่า!$B$21,ตั้งค่า!$B$22) | U15: =IF(T15="",S15,T15) | V15: =U15*ตั้งค่า!$B$20 | W15: =U15-R15-V15 | X15: =IF(U15=0,0,W15/U15) | Y15: =IF(AND(E15>0,'ต้นทุนชิ้นงาน'!I7=0),"สาย 250 mm ตัดจากเศษขนาดนี้ไม่ได้ ต้องใช้เศษยาว 25.5 ซม. ขึ้นไป","")
A16: 12 | B16: ที่ใส่ปากกาทรงมงกุฎ | H16: 5 | K16: =SUMPRODUCT($C$3:$J$3,C16:J16) | L16: =SUM(C16:J16) | M16: 8 | N16: =M16*ตั้งค่า!$B$14/3600*ตั้งค่า!$B$12 | O16: =ตั้งค่า!$B$15/3600*ตั้งค่า!$B$12 | P16: 0 | Q16: 5 | R16: =K16+N16+O16+P16+Q16 | S16: =CEILING(R16*ตั้งค่า!$B$21,ตั้งค่า!$B$22) | U16: =IF(T16="",S16,T16) | V16: =U16*ตั้งค่า!$B$20 | W16: =U16-R16-V16 | X16: =IF(U16=0,0,W16/U16) | Y16: =IF(AND(E16>0,'ต้นทุนชิ้นงาน'!I7=0),"สาย 250 mm ตัดจากเศษขนาดนี้ไม่ได้ ต้องใช้เศษยาว 25.5 ซม. ขึ้นไป","")
A17: 13 | B17: แผ่นรองจานลายข้าวหลามตัด | H17: 12 | K17: =SUMPRODUCT($C$3:$J$3,C17:J17) | L17: =SUM(C17:J17) | M17: 17 | N17: =M17*ตั้งค่า!$B$14/3600*ตั้งค่า!$B$12 | O17: =ตั้งค่า!$B$15/3600*ตั้งค่า!$B$12 | P17: 0 | Q17: 5 | R17: =K17+N17+O17+P17+Q17 | S17: =CEILING(R17*ตั้งค่า!$B$21,ตั้งค่า!$B$22) | U17: =IF(T17="",S17,T17) | V17: =U17*ตั้งค่า!$B$20 | W17: =U17-R17-V17 | X17: =IF(U17=0,0,W17/U17) | Y17: =IF(AND(E17>0,'ต้นทุนชิ้นงาน'!I7=0),"สาย 250 mm ตัดจากเศษขนาดนี้ไม่ได้ ต้องใช้เศษยาว 25.5 ซม. ขึ้นไป","")
A18: 14 | B18: ปลอกแก้วกาแฟ | I18: 4 | K18: =SUMPRODUCT($C$3:$J$3,C18:J18) | L18: =SUM(C18:J18) | M18: 4 | N18: =M18*ตั้งค่า!$B$14/3600*ตั้งค่า!$B$12 | O18: =ตั้งค่า!$B$15/3600*ตั้งค่า!$B$12 | P18: 0 | Q18: 5 | R18: =K18+N18+O18+P18+Q18 | S18: =CEILING(R18*ตั้งค่า!$B$21,ตั้งค่า!$B$22) | U18: =IF(T18="",S18,T18) | V18: =U18*ตั้งค่า!$B$20 | W18: =U18-R18-V18 | X18: =IF(U18=0,0,W18/U18) | Y18: =IF(AND(E18>0,'ต้นทุนชิ้นงาน'!I7=0),"สาย 250 mm ตัดจากเศษขนาดนี้ไม่ได้ ต้องใช้เศษยาว 25.5 ซม. ขึ้นไป","")
A19: 15 | B19: ที่รองแก้วสองชั้นไส้ไม้ก๊อก | I19: 2 | K19: =SUMPRODUCT($C$3:$J$3,C19:J19) | L19: =SUM(C19:J19) | M19: 4 | N19: =M19*ตั้งค่า!$B$14/3600*ตั้งค่า!$B$12 | O19: =ตั้งค่า!$B$15/3600*ตั้งค่า!$B$12 | P19: 10 | Q19: 5 | R19: =K19+N19+O19+P19+Q19 | S19: =CEILING(R19*ตั้งค่า!$B$21,ตั้งค่า!$B$22) | U19: =IF(T19="",S19,T19) | V19: =U19*ตั้งค่า!$B$20 | W19: =U19-R19-V19 | X19: =IF(U19=0,0,W19/U19) | Y19: =IF(AND(E19>0,'ต้นทุนชิ้นงาน'!I7=0),"สาย 250 mm ตัดจากเศษขนาดนี้ไม่ได้ ต้องใช้เศษยาว 25.5 ซม. ขึ้นไป","")
A20: 16 | B20: กระเป๋าเหรียญจิ๋ว | I20: 2 | K20: =SUMPRODUCT($C$3:$J$3,C20:J20) | L20: =SUM(C20:J20) | M20: 3 | N20: =M20*ตั้งค่า!$B$14/3600*ตั้งค่า!$B$12 | O20: =ตั้งค่า!$B$15/3600*ตั้งค่า!$B$12 | P20: 0 | Q20: 5 | R20: =K20+N20+O20+P20+Q20 | S20: =CEILING(R20*ตั้งค่า!$B$21,ตั้งค่า!$B$22) | U20: =IF(T20="",S20,T20) | V20: =U20*ตั้งค่า!$B$20 | W20: =U20-R20-V20 | X20: =IF(U20=0,0,W20/U20) | Y20: =IF(AND(E20>0,'ต้นทุนชิ้นงาน'!I7=0),"สาย 250 mm ตัดจากเศษขนาดนี้ไม่ได้ ต้องใช้เศษยาว 25.5 ซม. ขึ้นไป","")
A21: 17 | B21: กล่องของขวัญสลับลาย | H21: 3 | I21: 3 | K21: =SUMPRODUCT($C$3:$J$3,C21:J21) | L21: =SUM(C21:J21) | M21: 12 | N21: =M21*ตั้งค่า!$B$14/3600*ตั้งค่า!$B$12 | O21: =ตั้งค่า!$B$15/3600*ตั้งค่า!$B$12 | P21: 0 | Q21: 5 | R21: =K21+N21+O21+P21+Q21 | S21: =CEILING(R21*ตั้งค่า!$B$21,ตั้งค่า!$B$22) | U21: =IF(T21="",S21,T21) | V21: =U21*ตั้งค่า!$B$20 | W21: =U21-R21-V21 | X21: =IF(U21=0,0,W21/U21) | Y21: =IF(AND(E21>0,'ต้นทุนชิ้นงาน'!I7=0),"สาย 250 mm ตัดจากเศษขนาดนี้ไม่ได้ ต้องใช้เศษยาว 25.5 ซม. ขึ้นไป","")
A22: 18 | B22: กล่องของชำร่วยงานแต่ง | J22: 6 | K22: =SUMPRODUCT($C$3:$J$3,C22:J22) | L22: =SUM(C22:J22) | M22: 12 | N22: =M22*ตั้งค่า!$B$14/3600*ตั้งค่า!$B$12 | O22: =ตั้งค่า!$B$15/3600*ตั้งค่า!$B$12 | P22: 0 | Q22: 5 | R22: =K22+N22+O22+P22+Q22 | S22: =CEILING(R22*ตั้งค่า!$B$21,ตั้งค่า!$B$22) | U22: =IF(T22="",S22,T22) | V22: =U22*ตั้งค่า!$B$20 | W22: =U22-R22-V22 | X22: =IF(U22=0,0,W22/U22) | Y22: =IF(AND(E22>0,'ต้นทุนชิ้นงาน'!I7=0),"สาย 250 mm ตัดจากเศษขนาดนี้ไม่ได้ ต้องใช้เศษยาว 25.5 ซม. ขึ้นไป","")
A23: 19 | B23: ที่ใส่แปรงแต่งหน้า | J23: 5 | K23: =SUMPRODUCT($C$3:$J$3,C23:J23) | L23: =SUM(C23:J23) | M23: 8 | N23: =M23*ตั้งค่า!$B$14/3600*ตั้งค่า!$B$12 | O23: =ตั้งค่า!$B$15/3600*ตั้งค่า!$B$12 | P23: 0 | Q23: 5 | R23: =K23+N23+O23+P23+Q23 | S23: =CEILING(R23*ตั้งค่า!$B$21,ตั้งค่า!$B$22) | U23: =IF(T23="",S23,T23) | V23: =U23*ตั้งค่า!$B$20 | W23: =U23-R23-V23 | X23: =IF(U23=0,0,W23/U23) | Y23: =IF(AND(E23>0,'ต้นทุนชิ้นงาน'!I7=0),"สาย 250 mm ตัดจากเศษขนาดนี้ไม่ได้ ต้องใช้เศษยาว 25.5 ซม. ขึ้นไป","")
A24: 20 | B24: ของแขวนต้นคริสต์มาส | J24: 6 | K24: =SUMPRODUCT($C$3:$J$3,C24:J24) | L24: =SUM(C24:J24) | M24: 12 | N24: =M24*ตั้งค่า!$B$14/3600*ตั้งค่า!$B$12 | O24: =ตั้งค่า!$B$15/3600*ตั้งค่า!$B$12 | P24: 3 | Q24: 5 | R24: =K24+N24+O24+P24+Q24 | S24: =CEILING(R24*ตั้งค่า!$B$21,ตั้งค่า!$B$22) | U24: =IF(T24="",S24,T24) | V24: =U24*ตั้งค่า!$B$20 | W24: =U24-R24-V24 | X24: =IF(U24=0,0,W24/U24) | Y24: =IF(AND(E24>0,'ต้นทุนชิ้นงาน'!I7=0),"สาย 250 mm ตัดจากเศษขนาดนี้ไม่ได้ ต้องใช้เศษยาว 25.5 ซม. ขึ้นไป","")
A26: ที่มา: ชิ้นเสริมและบรรจุภัณฑ์เป็นค่าตัวอย่าง (ถุงชุดตัวต่อ 10 · ไม้ก๊อก 10 · ริบบิ้น 3 · บรรจุภัณฑ์ 5 บาท) ให้แก้เป็นราคาจริง · รอยต่อ = จุดที่ต้องสอดปีกหรือร้อยสายที่โรงงาน
